,見出し語,読み,解 説,用例,サンスクリット,出典,参考
1,阿,ぁ,① 否定の接頭辞 a の音写。無の意味。,,a,（出典）復次、羅漢名生、阿是無義、以無生故、名阿羅漢。（『婆沙』 94、大正 27・487c),
1,,,②接頭辞 ā の音写。至る、来るの意味。,,ā,（出典）阿言、顕此乃至彼義。如是煩悩流転有情乃至有頂、故名為漏。（『婆沙』 47、大正27・244b),
1,阿迦膩瑟搋天,ぁかにしゅたてん,阿迦膩瑟搋は akaniṣṭhaの音写。色究竟と意訳。色界十七天のなかの色究竟天のこと。,色界十七天,akaniṣṭha-deva,,
1,阿羯羅,ぁから,心一境性（citta-eka—agratā) のなかの agraの音写。境と意訳。,心一境性,agra,（出典）云質多翳迦阿羯羅多、此云心一境性。質多云心、翳迦云ー、阿羯羅云境、多云性。（『了義灯』 5本、大正 43・753b),
1,阿伽,ぁが,aghaの音写。『倶舎』に二説が述べられている。（第一説）原子（極微）が集まってできた大きさのある物質（積集色）をいう。石が他の石をさまたげる、あるいは一方の手が他方の手をさまたげるように、他者と同一の空間を共有できないような物質をいう。 aghaを「礙」の意味に解釈する説。（第二説）門や窓などの空間、口や鼻などの空間（空界色）をいう。 aghaを aghaとみて「無礙」の意味に解釈する説。いずれも色を説明するための用語。,空界色、隣阿伽色,agha,（出典）阿伽、謂、積集色。極能為礙故、名阿伽。（中略）有説。阿伽、即空界色。此中無礙故、名阿伽。（『倶舎』 1、大正 29・6c),
1,阿耆尼,ぁきに,agniの音写。火のこと。「火を若し 尸棄と云えば、是れ有相の名にして、若し阿耆尼と云えば、是れ無相の名なり」,,agni,,
1,阿笈摩,ぁぎゅうま,① āgamaの音写。旧訳は阿含。近づく、至るの意味から、伝承された教説をいう。種類として雑阿笈摩・中阿笈摩・長阿笈摩・増ー阿笈摩の四種がある。,,āgama,,（参考） （『瑜伽』 85、大正 30・772c)
1,,,②,阿笈摩見,,,
1,阿笈摩見,ぁぎゅうまけん,阿笈摩は āgamaの音写。「因が変化して果に至る」とみる見解。「律儀に住すること」と、この「阿笈摩見」と、「かならず果がある」とみる見解との三つが、布施を行なう際の重要な条件となる。,,,,（参考） （「瑜伽』 39、大正 30・505b)
1,阿倶廬舎縵,ぁくろしゃまん,ākrośamānaの音写。修行者が他人から罵声を浴びせられたときに怒り (瞋）を生じないために観察する言葉。原語の全体で自分に罵声が浴びせられていることをいう。この語に対して、「もしも ā（阿）の字を除けば、たんに自分を喚ぶことになり、怒りを生じる理由がなくなる。また、もし māna （縵）を除けば、ただ罵声の声だけの意味となるから、その声は自分に関係せず、どうして怒る理由があろうか。さらにこの二字がなければ、ただ喚ぶという行為を意味することになり、自分に苦しみが生じて怒る理由などない」とこのように観察して、他者からの暴言・罵声に対して怒りを生じないようにする (krośaとは叫喚、叫び声。ākrośaで罵声、侮辱の意味がある）。,,ākrośamāna,,（参考） （『婆沙』 14、大正 27・70b)
1,阿薩臘縛,ぁさろば,āsravaの音写。阿薩和縛とも音写する。漏と意訳。煩悩の別名。,漏,āsrava,,（参考） （『婆沙』 47、大正 27・244b)
1,阿薩和縛,ぁさわば,,阿薩臘縛,,,
1,阿氏羅笩底,ぁじらばってい,ajiravatīの音写。贍部洲にある四大河の一つである殑伽河の支流の一つ。,四大河,ajiravatī,,
1,阿時縛迦外道,ぁじばかげどぅ,阿時縛迦はājīvikaの音写。邪命と意訳し、邪命外道ともいう。外道の一派で、よこしまな方法で生活をする人びとをいう。尼揵子外道ともいぃ、ジャイナ教の一派である。,邪命外道、尼揵子,ājīvika,（出典）述曰。如邪命等者、即是阿時縛迦外道、応云正命、仏法毀之、故云邪命、邪活命也。（『述記』 1末、大正 43・266a),
2,阿沙荼,ぁしゃだ,① āṣāḍha の音写。五つの生存のありよう（五趣）の一つである人趣の呼ぴ名の一つ。人をマヌシュヤ(manuṣya) と呼ぶが、そのように呼ばれるようになる以前の人に対する呼び名の一つ。征服しがたきものという意味。,,āṣāḍha,（出典）云何人趣。（中略）問、何故此趣、名末奴沙。（中略）先未号此末奴沙時、人或相呼以雲頸、或名多羅脛、或名底落迦、或名阿沙荼。（『婆沙』 172、大正 27・867c),
,,,②,阿沙荼月,,,
,阿沙荼月,ぁしゃだがつ,阿沙荼は āṣāḍha の音写。頞沙荼とも音写。仲夏と意訳。一年を構成する十二か月の一つ。夏の三か月の一つ。,,āṣāḍha,,（参考） （『婆沙』 136、大正 27・701c):（『西域記』2、大正 51・876a)
,阿遮利耶,ぁじゃりや,ācārya の音写。阿闇梨とも音写。軌範師と意訳。人を導く師。親教師 (upādhyāya 鄔波柁耶）と並記される場合が多い。,,ācārya,（出典）軌範師者、阿遮利耶也。親教師者、鄔波柁耶也。即和尚阿闇梨。（『略纂』 4、大正43・54c),
,阿闍梨,ぁじゃり,阿遮利耶とおなじ。,阿遮利耶,,,
,阿芻婆,ぁしゅば,akṣobhya の音写。数の単位の一つ。十の十九乗。,,akṣobhya,,（参考） （『婆沙』 177、大正 27・891a):（『倶舎』 12、大正 29・63b)
,阿湿縛健陀,ぁしゅばけんだ,五つの大樹の一つ。,五大樹,,,
,阿湿縛庾闍月,ぁしゅばゆじゃがっ,阿湿縛庾闍 は aśvayuj の音写。頞湿婆庾闍とも音写。一年を構成する十二か月のなかの一つ。秋の三か月の一つ。,,aśvayuj,,（参考） （『婆沙』 136、大正 27・701c):（『西域記』 2、大正 51・876a)
,阿素洛,ぁすら,asuraの音写。旧訳は阿修羅。六つの生存のありよう（六趣）の一つ。諸天と戦闘する存在。この語に対して（ⅰ） 天ではない、（ⅱ） 端政（容貌が端正である）ではない、 （ⅲ） 天に近いが天と同類ではない、の三つの解釈があるが、ふつう（ⅰ） の解釈にもとづいて非天と意訳される。天趣のなかに含めて別に趣として立てない説もある。仏法を守護する八部衆の一つ。,非天,asura,（出典）契経唯説有五趣故。問、何故名阿素洛。答、素洛是天、彼非天故、名阿素洛。復次、素洛名端政、彼非端政故、名阿素洛。以彼憎嫉諸天令所得身形不端政故。復次、素洛名同類、彼先与天相近而住、然類不同故、名阿素洛。（『婆沙』 172、大正 27・868b),
,阿世耶,ぁせゃ,āśaya の音写。意楽・欲楽と意訳。意欲。意志。意図。意向。願い。→意楽「諸の愛行者の悪なる阿世耶は極めて躁動なり」「普く利楽を欲する勝れた阿世耶」,,āśaya,,
,阿闡底迦,ぁせんていか,欲しないという意味の anicchantikaの音写。世俗的なことに執着して涅槃に入ることを欲しない人、あるいは一切の衆生を救済するために自らは涅槃に入ることを欲しない菩薩をいう。,,anicchantika,,（参考） （『枢要』上本、大正 43・610c)
,阿僧企耶,ぁそうぎゃ,数えることができないという意味の asaṃkhyeyaの音写。旧訳は阿僧祇。不可数・無数と意訳。数量の最大値。五十二の数の単位が説かれるなかの最大の単位。十の五十一乗。,,asaṃkhyeya,（出典）数辺際、名阿僧企耶。自此己去、一切算数所不能転。是故数之辺際名不可数。（『瑜伽』 52、大正 30・588c),（参考） （『婆沙』 177、大正 27・891a):（『倶舎」 12、大正 29・63b)
,阿僧企耶劫,ぁそうぎやこぅ,asaṃkhyeya-kalpaの音写。旧訳は阿僧祇劫。無数劫・不可数劫と意訳。数えることができないほどの長い時間。劫阿僧企耶ともいう。,ー大劫阿僧企耶,asaṃkhyeya-kalpa,,
,阿僧祗,ぁそうぎ,阿僧企耶とおなじ。,阿僧企耶,,,
,阿僧祗劫,ぁそうぎこぅ,阿僧企耶劫とおなじ。,阿僧企耶劫,,,
,阿吒吒倶胝,ぁたたくてい,数の単位の一つ。阿哲哲倶胝の百千倍。,阿哲哲倶胝,,,（参考） （『婆沙』 177、大正 27・890c)
3,阿陀那,ぁだな,,阿陀那識,,,
,阿陀那識,ぁだなしき,阿陀那は、維持する、保持する、という意味の ādānaの音写。生命を維持し保持する識。深層の根源的な識である阿頼耶識の別名。根本識である阿頼耶識は一切の存在を生じる可能力（種子）と感覚器官（有色根）とを保持し維持し、かつ再生時に相続して引き継がれる識であるから阿陀那識という。,,ādāna-vijñana,（出典）第八識、雖諸有情皆悉成就、而随義別立種種名。（中略）或名阿陀那。執持種子及諸色根、令不壊故。（『成論』 3、大正 31・13c)：以能執持諸法種子、及能執受色根依処、亦能執取結生相続、故説此識、名阿陀那。（『成論」 3、大正 31・14c),（参考） （『摂論』上、大正 31・133b～c)
,阿哲哲倶胝,ぁててくてい,数の単位の一つ。倶胝倶胝の百千倍。,倶胝倶胝,,,（参考） （『婆沙』 177、大正 27・890c)
,阿顛底迦,ぁてんていか,畢竟という意味のātyantikaの音写。畢竟して涅槃に入る能力のない人のこと。一闡提（一闡底迦）の別名。,,ātyantika,（出典）若非涅槃法、一闡底迦。究竟成就雑染諸法、由闕解脱因、亦名阿顛底迦。（「集論』 3、大正 31・673c)：以彼解脱得因必竟不成就故、阿顛底迦、名為畢竟、畢竟無涅槃性故。（『枢要』上本、大正 43・610c),
,阿那,ぁな,ānaの音写。入る息。外の風を身体のなかに入れる働きをする。阿波那の対。,阿那波那念,āna,（出典）言阿那者、謂、持息入。是引外風、令入身義。（『倶舎』 22、大正、 29・118a),
,阿那阿波那念,ぁなあばなねん,阿那波那念とおなじ。,阿那波那念,,,
,阿那波那,ぁなばな,阿那と波那。入る息と出る息。,阿那波那念,,,
,阿那波那念,ぁなばなねん,阿那阿波那念ともいう。心の乱れが強い人が修する観法。あれこれと考えて散乱する心を静めるために、入る息と出る息とに心を集中する修行法。阿那 は ānaの音写で、入る息、波那は詳しくは阿波那といい、 apānaの音写で、出る息をいう。入息出息念・息念・持息念と意訳する。あるいは持来持去念とも意訳する。この観法は〈小乗〉では、五停心観の一つに含まれ、不浄観とならんで修行に入る要門とされるが、〈唯識〉では、四つの対象（遍満所縁・浄行所縁・善巧所縁・浄惑所縁）を観察するヨーガのうちの浄行所縁を観察する修行のなかに含まれる。「諸の尋思を対治せんと欲する為の故に阿那波那念を修す」,,āna-apāna-smṛti,（出典）論曰。言息念者、即契経中所説阿那阿波那念。言阿那者、謂、持息入、是引外風令入身義。阿波那者、謂、持息出、是引内風令出身義。慧由念力観此為境故、名阿那阿波那念。（『倶舎』 22、大正29・118a),（参考） （『瑜伽』 26、大正 30・427a～b) :（『瑜伽』 27、大正 30・430c以下） ：（『瑜伽』31、大正 30・455a～b)
,阿拏色,ぁぬしき,阿拏は aṇu の音写。原子（極微）のこと。七個の原子から構成され、五つの感覚（五識）の対象となる最小の物質。拏色と略称。,,,（出典）如阿拏色等以上、方為五識境。（『述記』 2本、大正 43・270a) ：如阿拏色、七極微相資。（『述記』 2本、大正 43・271a) ：且有宗云。以七極微、成一拏色。（『了義灯』 2本、大正 43・691b),
,阿耨多羅三藐三菩提,ぁのくたらさんみやくさんぼだい,anuttara-samyak-saṃbodhiの音写。無上正覚・無上正等覚・無上菩提・無上正等菩提・無上正等三菩提と意訳。無上の正しいさとり。菩薩はこのさとりを証して仏陀となる。,,anuttara-samyak-saṃbodhi,（出典）仏陀者、謂、畢竟断一切煩悩并諸習気、現等正覚阿耨多羅三藐三菩提故。（『瑜伽』 83、大正 30・765b),
,阿耨多羅三藐三菩提心,ぁのくたらさんみゃくさんぼだいしん,阿耨多羅三藐三菩提を得ようとする心。この心を起こすことによって菩薩としての修行が始まる。,阿耨多羅三藐三菩提,,,
3,阿波那,ぁばな,apānaの音写。出る息。身体のなかの風を身体の外に出す働きをいう。,阿那波那念,apāna,（出典）阿波那者、謂、持息出、是引内風令出身義。（『倶舎』 22、大正 29・118a),
3,阿波波,ぁぱば,数の単位の一つ。覩胝分の百干倍。,覩胝分,,,（参考） （『婆沙』 177、大正 27・891a)
3,阿波波分,ぁばばぶん,数の単位の一つ。阿波波の百千倍。,阿波波,,,（参考） （『婆沙』 177、大正 27・891a)
4,阿毘,ぁぴ,阿毘達磨の阿毘。 abhiの音写。阿毘達磨と阿毘に対する諸解釈は『婆沙論』に詳しい（『婆沙』 1、大正 27・3b‑4c)。,,abhi,,
,阿毘達磨,ぁびだつま,abhidharmaの 音写。阿毘は abhiの音写で、分析する、解釈するという意味。達磨は dharmaの音写で、法と意訳され、経に説かれている教え（教法）を意味する。したがって、阿毘達磨とは、経に説かれている教えに対して分析し解釈することを意味し、対法と意訳される。この対法（阿毘達磨）に関して諸論に種々に解釈されているが、『倶舎論』では（『倶舎』 1、大正 29・lb)、阿毘達磨を勝義と世俗の二種に分けて、（ⅰ） 勝義の阿昆達磨とは、浄慧（無漏慧）と随行（浄慧に付属するもの）とであり、 （ⅱ） 世俗の阿毘達磨とは、一つは無漏慧を生じる資糧となる有漏慧（聞慧・思慧・修慧など）と、もう一つは有漏慧を生じる論（教え）との二つがある、と解釈する。さらに対法の対と法との関係については、法を勝義の法と法相の法とに分けて、（ⅰ）涅槃という法（勝義の法）に対向する、 （ⅱ）四聖諦（法相の法）という法を対観する、と解釈する。,,abhidharma,（出典）復次一切阿毘達磨、皆為解釈契経中義。以広分別諸経義故、乃得名為阿毘達磨。（『婆沙』 2、大正 27・5b) ：何謂対法。頌日。浄慧随行名対法、及能得此諸慧論。論日。（中略）若勝義法、唯是涅槃。若法相法、通四聖諦。此能対向或能対観、故称対法。（『倶舎』 1、大正 29・lb)：阿毘達磨亦名対法。此法対向無住涅槃、能説諦菩提分解脱門等故。（『摂論釈・世』 1、大正 31・322a),（参考） （『婆沙』 1、大正 27・3a～4c)
,阿毘達磨師,ぁびだつまし,①説一切有部に属する論師の呼称。対法諸師・対法者ともいう 。,説一切有部,ābhidhārmika,,
,,,②経に対する解釈（阿毘達磨）をたんに暗記して誦するだけではなく、その意味を錯謬することなく理解している者。阿毘達磨論師ともいう。,,,（出典）若以如是十四事、覚知阿毘達磨無錯謬者、名阿毘達磨師、非但誦持文者。（『婆沙』 23、大正 27・116b),
,阿毘達磨蔵,ぁびだつまぞう,経に対する解釈（阿毘達磨）全体の総称。仏教の全文献を三種に集成したもの（三蔵）の一つ。論蔵と意訳。対法蔵ともいう。,三蔵,abhidharma-piṭaka,,
,阿毘達磨論師,ぁびだつまろんし,,阿毘達磨師②,,,
,阿鼻旨大捺落迦,ぁびしだいならか,阿鼻旨は間断がないという意味の avīciの音写。間断なく常に苦を受けつづけている地獄、あるいは、あいだに楽が生じることがない地獄をいう。無間地獄と意訳。,無間地獄,avīcir mahā-narakaḥ,,（参考） （『倶舎』 11、大正 29・58b)
,阿末羅識,ぁまらしき,,阿摩羅識,,,
,阿摩洛迦,ぁまらか,āmalakaの音写。余甘子と訳す。学名 Emblica myrobalan という果実の一種。,余甘子,āmalaka,（出典）次第安布余甘子等段、名阿摩洛迦。（『婆沙』 71、大正 27・368a),
,阿摩羅識,ぁまらしき,阿摩羅は amalaの音写。阿末羅とも音写。無垢識と意訳。垢(mala) がない識。阿頼耶識を転じて得られる大円鏡智の別名。摂論宗はこの識を第九識とみなすが、法相宗はこの説に反対する。,,amala,（出典）唯無漏依、体性無垢。先名阿末羅識、或名阿摩羅識、古師立為第九識者、非也。（『述記』 3末、大正 43・344c),（参考） （『瑜伽論記』 1上、大正 42・318a)
,阿庾多,ぁゅた,ayuta の音写。数の単位の一つ。次の二説がある。（ⅰ） 十の九乗。（『倶舎論』と『婆沙論』に三説あるなかの第三説）。（ⅱ） 阿吒吒倶胝の百千倍。（『婆沙論』に三説あるなかの第二説）,阿吒吒倶胝,ayuta,,（参考） （『婆沙』 177、大正 27・890c) :（『婆沙』 177、大正 27・891a) :（『倶舎』 12、大正29・63b)
,阿庾多分,ぁゅたぶん,数の単位の一つ。阿庾多（阿吒吒倶胝の百千倍）の百千倍。,阿吒吒倶胝,,,
,阿頼耶,ぁらゃ,①欲・貪•愛などと列記され、執着する心の働き一般をいう。「欲を起こし、貪を起こし、親を起こし、愛を起こし、阿頼耶を起こし、尼延底を起こし、耽著を起こす」,,ālaya,（出典）阿頼耶者、謂、愛。（『婆沙』 145、大正 27・746c),
5,,,②執着の対象となるもの。そのような対象として五取蘊、五欲、楽受、身見、転識、色身などがあるが、〈唯識〉は執着の究極の対象として阿頼耶識を考える。「世間の衆生は、阿頼耶を愛し、阿頼耶を楽い、阿頼耶を欣び、阿頼耶を憲ぶ」,,ālaya,,（参考） （「成論』 3、大正 31・15a～b)
,,,③,阿頼耶識,,,
,阿頼耶識,ぁらやしき,深層的な根本の識。一切の存在を生み出す根源的な心。原語は ālaya-vijñāna で、このうち ālaya は阿頼耶と音写、 vijñāna は識と意訳。また ālaya は貯蔵する蔵という意味を持つから蔵識と意訳される。阿頼耶識は次のような性質や働きを持つ。 （ⅰ） 過去世の業が原因となって現在世に結果として生じたもの。 （ⅱ） 過去世の原因としての業は善か悪かであるが、現在世の結果としての阿頼耶識は善でも悪でもない。（ⅲ） 表層の業の結果が種子となって薫じつけられる場所。 (iv) 一切の存在（一切諸法）を生じる種子（可能力）を貯え保持している。（v) 末那識（深層的な自我執着心）によって自我と執着される対象。 (vi) 有根身（身体）を生み出し、それを生理的・有機的に維持して腐敗せしめない。 (vii) 器世間（自然界）を生じ、深層でそれを認識し続けている。 (viii) 輸廻の主体となる。阿頼耶識の異名として心・阿陀那・所知依・種子識・阿頼耶・異熟識・無垢識の七種がある（『成論』 3、大正 31・13c) （各項目を参照）。また識を列記するときに、第八番目に記せられるから、第八識ともいう。蔵識の蔵は、さらに詳しくは能蔵と所蔵と執蔵とに分かれる。このうち能蔵とは阿頼耶識が一切の存在（一切諸法）を生じる可能力（種子）を貯え保持している点、所蔵とは阿頼耶識に表層の業（七転識）の結果が種子として薫じつけられる点、執蔵とは阿頼耶識が末那識によって自我と執着される点、をそれぞれ言い表したものである。また阿頼耶識は自相と果相と因相の三面より分析される。このうち自相とは、広くは阿頼耶識の能蔵・所蔵・執蔵という三つのありようを、狭くは特に末那識によって自我と執着されるというありようを、果相とは過去世の善と悪との業の結果であるというありようを、因相とは阿頼耶識が一切の存在を生じる原因となるというありようを、それぞれ表したものである。この識の呼び名でいえば、阿頼耶識が自相に、異熟識が果相に、一切種子識が因相に、それぞれ名づけられた名称である。また、阿頼耶識には我愛執蔵現行位・善悪業果位・相続執持位の三つの位相がある（→各項参照）,蔵識、第八識,ālaya-vijñāna,（出典）第八識雖諸有情皆悉成就、而随義別、立種種名。（中略）名阿頼耶、摂蔵一切雑染品法、令不失故。（『成論』 3、大正 31・13c)（参考） （『解深』 1、大正 16・692b) :（『瑜伽』 51、大正 30・579a以下） ：（『摂論』上、大正 31・133b) :（『成論』 2、大正 31・7c以下） ：（『成論』 3、大正 31・13c) :（『述記』 3末、大正 43・343c以下）,
,阿頼耶識縁起,ぁらやしきえんぎ,〈唯識〉独自の縁起説。この縁起説の縁起は次の三つの過程から成り立っている。（ⅰ） 深層的な根本心である阿頼耶識のなかの種子（可能カ）が原因となって、現行（現象的存在）が結果として生じ、 （ⅱ） 生じた現行が原因となって阿頼耶識のなかに結果としての種子を薫じ、 （ⅲ） 薫じつけられた種子は、刹那に生滅しつつ、新たな種子を生じる（そして、その種子が縁をえて、再び現行を生じ、その現行が種子を薫じ……と因果の連鎖がつづく）。このうち、（ⅰ） を種子生現行（種子が現行を生じる）、（ⅱ） を現行黛種子（現行が種子を薫じる）、（ⅲ） を種子生種子（種子が種子を生じる）、という。この「種子生現行」「現行薫種子」「種子生種子」という三つの過程は、すべて「識」のなかで起こる出来事であり、この絶えることがない識の因果連続の循環活動のみが存在するから、「唯だ識のみが存在し、識の外には物は存在しない」（唯識無境）と〈唯識〉は主張する。,,,,
,阿羅漢,ぁらかん,arhatの音写。小乗の聖者の四段階（預流・一来・不還・阿羅漢）の第四段階。煩悩を滅した聖者。これら四段階は、おのおのそこに至る途中と、至り終えた段階とに分けられ、前者を向、後者を果という。阿羅漢についていえば、前者を阿羅漢向あるいは阿羅漢果向、後者を阿羅漢果という。原語 arhatを「応供」「殺賊」「無生」の三つの意味に解釈し、（ⅰ） 世間の供養を受けるにふさわしい人、 （ⅱ） 涅槃に向かう者にとっての賊である煩悩を殺害した人、 （ⅲ）解脱によって輪廻の世界に再び生まれることがない人、をいう。また、〈唯識〉においては、末那識を滅し、煩悩障を完全に滅し、無学の位に至った三乗すべての聖者をいう。その素質（種性）に応じて次の六種に分かれる。（ⅰ） 退法（獲得したさとりから退いてそれを失う者）、（ⅱ） 思法（獲得したさとりから退くことをおそれて自害しようと思う者）、（ⅲ） 護法（獲得したさとりを自ら防護する者）、（ⅳ） 安住法（退く縁にあうこともなく、自ら護ることもしなく、修行をさらに加えることもしなく、おなじ程度のさとりに住しつづける者）、（v) 堪達法（自らの力を高めて不動の阿羅漢に至る能力を持つ者）、(vi) 不動法（獲得した阿羅漢としてのさとりから決して退かない者）。,,arhat,（出典）阿羅漢有六種。一退法、二思法、三護法、四安住法、五堪達法、六不動法。（『婆沙』 62、大正 27・319c)：諸聖者、断煩悩障、究竟尽時、名阿羅漢。爾時、此識（＝末那識）煩悩麁重永遠離故、説之為捨。此中所説阿羅漢者、通摂三乗無学果位、皆已永害煩悩賊故、応受世間妙供養故、永不復受分段生故。（『成論』 3、大正 31・13a)：阿羅漢言応。即殺賊、応供、無生三義故也。（『述記』3末、大正 43・341a～b),（参考） （『婆沙』 94、大正 27・487b～c):（『倶舎』 25、大正 29・129b)
6,阿羅漢果,ぁらかんか,阿羅漢に至った位。,阿羅漢,arhat-phala,,
,阿羅漢果向,ぁらかんかこぅ,阿羅漢果に向かう位。,阿羅漢,arhat-phala-pratipannaka,,
,阿羅漢向,ぁらかんこぅ,阿羅漢果に向かう位。,阿羅漢,arhat-pratipannaka,,
,阿羅漢最後心心所,ぁらかんさいごしんしんじょ,次の生で涅槃に入り再び生まれて来ない阿羅漢の最後の身体。,,arhataś caramāś citta-caittāḥ,,
,阿羅漢僧,ぁらかんそう,,阿羅漢苾芻,,,
,阿羅漢尼,ぁらかんに,女性の阿羅漢。,,arhat-bhikṣunī,,
,阿羅漢苾芻,ぁらかんびっしゅ,男性の阿羅漢。阿羅漢僧ともいう。苾芻は bhikṣu の音写。僧と意訳。,,arhat-bhikṣu,,
,阿練若,ぁれんにゃ,araṇya の音写。出家僧が修行する場所。人びとが住む町村から離れた広々とした広野（空逈）や埋葬地（塚間）や辺地の庵（辺際臥具）など。阿練若処・空閑処・閑静処ともいう。そこに住む僧を阿練若苾芻という。,,araṇya,,
,阿練若処,ぁれんにゃしょ,,阿練若,,,
,啞啞,ぁぁ,口を開いて発する笑い声。,,,（出典）開口而笑、名現歯、喉中出声、名啞啞。『略纂』 5、大正 43・68b),
,𧙃,ぁ,サンスクリット語で単語や文章を構成する最小単位の文字のうちの aの音写。,,,,
,𧙃阿壹伊,ぁあいい,単語や文章を構成する最小単位の文字のうちの a（𧙃） ā（阿） i（壹）ī（伊）の音写。,,,,
,𧙃壹鄔,ぁぃぅ,単語や文章を構成する最小単位の文字のうちの a（𧙃） i（壹） u（鄔）の音写。,,,,（参考） （『雑集論』 2、大正 31・700c)
,遏迦花,ぁかけ,遏迦は arkaの音写。アルカ樹の花。花の大きさは人の手ほどで、赤肉色で、神鬼に供養する花。「諸の菩薩は如来の所、若しくは制多の所に於て、種種の局堀羅香・遏迦花などと、余の不浄物とを以って供養を為さず」,,arka-puṣpa,,
,遏湿摩掲婆宝,ぁしゅまがるばほう,遏湿摩掲婆は aśma-garbha の音写。遏湿摩掲婆とも音写。エメラルドの宝石。璃瑞・馬瑞と訳される。七宝の一つ。,七宝②,aśma-garbha,,（参考） （『婆沙』 124、大正 27・648b)
,遏部曇,ぁぶどん,頞部陀とおなじ。,頞部曇位,,,
,遏履瑟吒,ぁりしゅた,ariṣṭa の音写。死の前兆。「遏履瑟吒の過失を遠離するに由って応に身行を知るべし」,,ariṣṭa,,
,瘂,ぁ,口の不自由な人。癡瘂．瘖瘂ともいう。「種種の有情の身相の差別あり。或いは盲を生ず、聾を生ず、瘂を生ず」,,mūka,,
,頞沙荼月,ぁしゃだがっ,阿沙荼月とおなじ。,阿沙荼月,,,
7,頞湿縛羯拏山,ぁしゅばかつぬせん,頞湿縛羯拏は aśva-karṇaの音写。馬耳山と意訳する。スメール山（蘇迷廬山）を中心に取り囲む八つの山の一つ。山の形が馬の耳に似ていることから、この名でよばれる。,,aśva-karṇa,,（参考） （『略纂』 1、大正 43・16a)
7,頞湿縛庾闍月,ぁしゅばゆじゃがっ,阿湿縛庾闍月とおなじ。,阿湿縛庾闍月,,,
,頞湿摩掲婆宝,ぁしゅまがるほぅ,遏湿摩掲婆宝とおなじ,遏湿摩掲婆宝,,,
,頞哳吒那落迦,ぁたたならか°,𠿒哳詀那落迦ともいう。頞哳吒あるいは𠿒哳詀は atataの音写。八つの寒い地獄の一つ。寒さの苦しみのために発する声の響きから、このように呼ばれる。,八寒那落迦、八寒地獄,aṭaṭa-naraka,,
,頞底洛叉,ぁていらくしゃ,atilakṣa の音写。数の単位の一つ。洛叉 (lakṣa) の十倍で十の六乗。 atiを度と訳し、度洛叉ともいう。,,atilakṣa,,（参考） （『婆沙』 177、大正 27・891a)
,頞部陀那落迦,ぁぶだならか,頞部陀はarbudaの音写。皰と意訳。八つの寒い地獄の一つ。厳しい寒さのため、身に皰（ふきでもの）が生じるからこのように呼ばれる。皰那落迦ともいう。→,八寒那落迦、八寒地獄,arbuda-naraka,,
,頞部曇位,ぁぶどんぃ,頞部曇は arbudaの音写。遏部曇とも音写。胎児の五段階（『倶舎論』所説）、あるいは八段階（『瑜伽論』所説）の第二の状態。内部と外部とが乳酪のようになっているが、いまだ肉ができていない胎児の状態。,胎蔵,arbuda,（出典）若表裏、如酪未至肉位、名遏部曇。（『瑜伽』 2、大正 30・284c～285a)：遏部曇者、此翻疱、猶如痛疱。表裏如酪、未至肉位。（『略纂』 1、大正 43・13b) ：頞部曇、此云疱。漸稠、如疱。（『枢要』下本、大正 43・636b),
,鴉足薬草,ぁそくやくそう,からすの足のような薬草。「士の用の如くなるが故に士用の名を得る。世間に鴉足薬草、酔象将軍と説くが如し」,,kāka-jaṅghā-oṣadhi,,
,𠿒哳詀那落迦,ぁたたならか,,頞哳吒那落迦,,,
,哀,ぁぃ,①嘆嘆き悲しむこと。「命終し已って身を高床の上に置けば、前後の大衆は或いは哀し、或いは哭す」,,rud,,
,,,②慈しみ。哀愍におなじ。→哀愍「哀を垂れて苦を救う」,,anukampā:karuṇā,,
,哀雅,ぁいが,仏陀の発する言葉や音声が慈しみに満ち優雅であること。仏の三十二相の一つである大梵音の内容。,,,（出典）云何如来三十二種大丈夫相。（中略）二十八者、得大梵音、言詞哀雅、能悦衆意、譬若羯羅頻迦之音、其声雷震、猶如天鼓。（『瑜伽』 49、大正 30・566c～567a),
,哀泣,ぁいきゅぅ,悲しみ泣くこと。「内熱は是れ愁にして哀泣は是れ悲なり」,,,,
,哀吟,ぁいぎん,悲しみ嘆くこと。「言を発して哀吟し、冤なりと悲しみ、身を挙げて煩熱するを歎と名づく」,,,,
,哀受,ぁいじゅ,つつしんで受け取ること。「彼の獼猴が清浄なる蜜を献ぜしに、世尊、哀受すれば、歓喜舞躍す」,,pratigṛhīta,,
,哀恕,ぁいじょ,慈しみゆるすこと。「思を哀恕す」,,,,
,哀慼,ぁいせき,悲しみ憂うこと。「孤苦と貧窮とに於て哀慼し悲泣す」,,,,
,哀歎,ぁいたん,憐れみ嘆くこと。「亡者を傷悼する因縁に依って種種に哀歎す」,,,,
,哀愍,ぁいみん,①生きもの（有情）を哀れみ慈しむこと。生きものに利益と安楽を与えようと願い、救済活動をすること。,,karuṇā,（出典）諸菩薩、於諸有情、利益意楽、安楽意楽、是名哀愍。（『瑜伽』 47、 大 正 30・549b),
,,,②慈・悲・喜・捨の四無量心をまとめて哀愍と い う 。,四無量心,anukampā,（参考） （『瑜伽』 44、大正 30・535c～536a),
,哀羅筏拏龍王,ぁいらばぬりゅうおぅ,哀羅筏拏は airavāṇa の音写。龍王の一人。藹羅伐拏龍王ともいう。,,airavāṇa-nāga-rājan,,
,哀憐,ぁいれん,哀れみ慈しむこと。「諸の有情に於て哀憐の心あり、悲愍の心あり、親愛の心あり」,,dāya:preman,,
,愛,ぁぃ,①苦しむ生きものを救済することを願って、かれらを愛し慈しむ菩薩の愛。「諸の有情を愛す」,,anunaya,,
,,,②教え（法）を、あるいは、徳のある人、尊敬すべき人、師などを信じて愛すること。汚れのある愛と汚れのない愛との二種の愛のうち、後者が信じて愛するという意味の愛である。信愛ともいう。,愛敬,preman,（出典）信名愛故、名信愛。（『婆沙』 6、大正 27・28a) ：問。愛以何為自性。答。愛有二種。一染汚、謂、貪。二不染汚、謂、信。（『婆沙』 29、大正 27・151a) ：愛有二。一有染汚、二無染汚。有染、謂、貪、如愛妻子等。無染、謂、信、如愛師長等。（『倶舎』 4、大正 29・21a),
,,,③貪ること。執着すること。具体的には、たとえば、自己（我）、生活道具（資具）、男女の交わり（婬）、他者・事物・環境（境）、来世に再び生まれること、来世は虚無になること、などに執着し貪ること。過去・現在・未来にわたって苦を生じる原因となる。貪愛、渇愛ともいう。,,abhilāṣin:kāma:tṛṣṇā:sneha,（出典）愛是三世衆苦因本。（『婆沙』 78、大正27・403a),
,,,④好ましい。心にかなう。愛と非愛、愛と不愛と、対のかたちで用いられることが多い。「思は能く愛と非愛の果を感ずる勢力は最勝なり」「浄と不浄の業が三界の諸行に熏習するに由って、愛と不愛の趣の中に於て愛と不愛との自体を牽引す」,,iṣṭa,,
,,,⑤十二支縁起の一契機としての愛。十二支縁起のなかの第八番目の契機。『倶舎論』の三世両重の因果説によれば、妙なる生活道具を貪り、性的欲望を生じるが、いまだ広範囲に追求することがない段階をいう。,,tṛṣṇā,（出典）貪妙資具婬愛現行、未広追求、此位名愛。（『倶舎』 9、大正 29・48c),
8,愛恚,ぁぃぃ,①愛と恚。愛することと憎むこと。恚は瞋恚、憎恚ともいう。たとえば、楽を与えるものを愛し、苦を与えるものを憎むこと。この二つは日常的に最も起こしやすい煩悩であり、心が汚れる直接の原因である。したがって清浄な心になるためには、この愛と恚とを断じなければならないが、それができる者は阿羅漢あるいは菩薩であり、究極の意味では仏だけである。「楽受と苦受の中に於て愛恚の二法は心を擾乱す」「諸の菩薩は諸の世法に於て愛恚の為に塗染されざるが故に、紅蓮花の如し」「阿羅漢は愛恚を断ずると雖も、愛恚に相似する余習あり。唯だ仏のみ愛恚の習気を永抜す」,,anunaya-pratigha,,
,,,②中有から没して母胎に入って生まれるときに抱く心のありよう。母あるいは父に対する愛と憎。→中有「諸の有情は多く倒想を起こして母胎に入る。男が胎に入る時は、母に於て愛を起こし父に於て恚を起こす。女が胎に入る時は、父に於て愛を起こし母に於て恚を起こす」（『婆沙』 60、大正 27・309a),,anunaya-pratigha,,
,愛因,ぁいいん,愛を生じる原因。無明のこと。生死輪廻する根本原因。,,tṛṣnā-hetu,（出典）於生死由五種相、一切愚夫流転不息、由愛因故。（中略）此中無明、是名愛因。（『瑜伽』 86、大正 30・78lc～782a),
,愛会,ぁぃぇ,愛するものと会うこと。所愛会ともいう。愛別の対。「愛会と怨離」,,priya-saṃprayoga,,
,愛火,ぁいか,愛という火。愛によって苦しむさまを火に焼かれることに喩えていう。「菩薩は、楽を求め、愛火に焼かれて苦しむ衆生を観じて、深心に悲愍して恵施を行ず」,,tṛṣṇā-dāha,,
,愛果,ぁいか,①好ましい結果。可愛果ともいう。,可愛果,iṣṭa-phala,,
,,,②愛を生じる原因である無明から引き起こされる結果としての行為（業）。,,,（出典）此中無明、是名愛因、能往善趣悪趣諸業、是名愛果。（『瑜伽』 86、大正 30・782a),
,,,③愛の結果。十二支縁起において愛より引き起こされる取をいう。,取⑤,,,
,愛河,ぁいか,愛によって苦の大河のなかに漂い溺れるから、愛を河に喩えて愛河という。欲界・色界・無色界の三界の愛をいう。貪愛河ともいう。,,tṛṣṇā-nadī,（出典）愛河者、即三界愛。（『婆沙』 49、大正27・256b),
,愛過,ぁいか,愛という過失。貪る欲のこと 。,,kāma-doṣa,（出典）所断愛過、謂、貪欲品。（『瑜伽」 17、大正 30・373c),
,愛渇,ぁいかっ,愛し貪ること。「未だ渇を離れずとは、愛渇に於て未だ断ぜず、未だ遍知せざるを謂う」,,,,
,愛玩受用,ぁいがんじゅゆぅ,衣服・飲食・寝具•生活道具などの事物に執着して、それらで遊び楽しむこと。極端な二つの生き方（二辺）の一方。,二辺,pari-bhuj,,
9,愛憙,ぁいき,愛しよろこぶこと。貪ること。「未だ憙を離れずとは、愛憙に於て未だ断ぜず、未だ遍知せざるを謂う」,,,,
,愛敬,ぁいきょぅ,愛と敬。貴いものを愛することと敬うこと。貴いものは次の二つに分けられる。（ⅰ）四諦・縁起などの教え（法）。（ⅱ） 師長・規範師などの人。この愛し敬うという心のうち、愛は信 (śraddhā)を本質とする。したがってこの場合の愛とは、信じるという心に裏づけされた汚れなき愛である。敬は漸 (hrī) を本質とする。なぜなら、自己の悪い行為を教えや師などに照らして恥じることによって、その師や教えを尊敬するようになるからである。この愛と敬との両方を兼ねそなえていることを理想とし、そのような人を善士・広大有情・大菩薩とよぶ。愛敬は愛重ともいう。,,prema-gaurava,（出典）愛敬別者、愛、謂、愛楽。体即是信。然愛有二。一有染汚、二無染汚。有染、謂、貪、如愛妻子等。無染、謂、信、如愛師長等。（中略）敬、謂、敬重、体即是漸。（『倶舎』 4、大正 29・2la～b),（参考） （『婆沙』 29、大正 27・150c～15la)
,愛行,ぁいぎょぅ,貪愛に基づく考えや行為。自己への慢心（我慢）を原因として起こす行為。十八種、三十六種、あるいは全部で百八種ある。,十八愛行,tṛṣṇā-carita:tṛṣṇā-vicarita,（出典）有六愛身。謂、眼触所生愛身、耳鼻舌身意触所生愛身。（中略）或応説十八、如十八愛行。或応説三十六、如三十六愛行。或応説百八、如百八愛行。（『婆沙』 49、大正27・256b～c),（参考） （『瑜伽』 95、大正 30・842b～843a)
,愛行者,ぁいぎょうしゃ,愛行人ともいう。貪愛の強いタイプの人。自己への慢心（我慢）が強い人と怠ける心（懈怠）が強い人との二種に分かれる。自己はあるとみる見解、あるいはこれは自己のものであるとみる見解の強いタイプの人（見行者）に対する語。,見行者,tṛṣṇā-carita,（出典）補特伽羅有二種。一者愛行、二者見行。『婆沙』 116、大正 27・602c) ：愛行者、復有二種。謂、我慢増、懈怠増。（『婆沙』184、大正 27・927c),
,愛行人,ぁいぎょうにん,愛行者におなじ。,愛行者,,,
,愛楽,ぁいぎょぅ,①愛しねがう、愛し求めること。愛楽の対象としては、たとえば、寿・色•財・友・戒・聞・梵行・慧・法•生天の十種が説かれる（『瑜伽』 61、大正 30・644a)。,,,,
,,,② （感覚の対象に）愛着すること。「男女は色に於て更相に愛楽す」「長夜に色・声・香・味・触を愛楽す」,,abhirāma,,
,,,③ （すぐれたもの、すぐれたことを）愛する、喜ぶ、願う、敬愛する、尊重すること。「真実聖教を愛楽す」「無上正等菩提を愛楽す」「仏法僧を愛楽す」「寂静を愛楽す」「無戯論涅槃を信解し愛楽す」「正法を愛楽す」,,abhirata:abhirati:ārāma:iṣṭa:kāma:priyatā:ruci,,
,,,④ （衆生を救済しようと）願うこと。「有情に於て哀愍の愛楽を成就す」,,āśaya:rocayatā,,
,,,⑤かわいく好ましいと思うこと。「形色を愛楽す」「種種の荘厳、甚だ愛楽すべし」,,priya,,
,,,⑥愛と楽。いずれも、かわいく好ましく思うこと。,,iṣṭa-kānta,,
,,,⑦父母など恩ある人を供養すること。愛養ともいう。よい果報（福報）をもたらす三種の供養（施与•愛楽・祠祀）の一つ。善悪を否定する邪見者はこの三種の供養を認めない。,愛養,,（出典）如契経説。云何邪見。謂、無施与、無愛楽、無祠祀、乃至広説。（『婆沙』 98、大正27・505a) ：於善悪等、悪見撥無。此見名為邪見業道。如経説。無施与、無愛楽、無祠祀、無妙行、無悪行、無妙悪行業果異熟、無此世間、無彼世間、無母、無父、無化生有情、世間無沙門或婆羅門是阿羅漢。（『倶舎』16、大正 29・88b),
,愛結,ぁいけっ,有情を繋縛して三界において生死流転せしめる五つ、あるいは九つの煩悩（五結・九結）の一つ。貪結ともいう。,結固,tṛṣṇā-saṃyojana,（出典）愛結者、謂、三界貪。愛結所繋故、不厭三界。由不厭故、広行不善不行諸善。由此、能招未来世苦、与苦相応。（『集論』 4、大正 31・676c),
,愛見,ぁいけん,愛と見。貪る愛とまちがった見解。心を汚す二大要因。,,ṭṛṣṇā-dṛṣṭi,（出典）有説。想受能起愛見二種煩悩。受力故起愛。想力故起見。一切煩悩此二為首。（『婆沙』 152、大正 27・775b),
10,愛患,ぁいげん,愛という苦悩・過失。愛を断じるための修行（断愛法）において、二番目に観察すべきありよう。→断愛法「修道位の中、先に愛味を観じ、次に愛患を観じ、後に愛出を観ず」,,,,
,愛語,ぁぃご,人に優しい言葉を語りかけること。人を慰める優しい言葉（慰喩語saṃmodanī-vāc) と、悦ばしめる言葉（慶悦語 ānandanī-vāc) と、利益と安楽とを与える言葉（勝益語 parama-upakāra-vāc) とを語りかけること。このうち慰喩語と慶悦語とは随世儀軌語（世間の慣習に順じる語）、勝益語は順正法教語（正しい教えに順じる語）といわれる。菩薩の四摂事の一つ。,四摂事,priya-vāditā,,（参考） （『喩伽』 43、大正 30・529c～530a)
,愛護,ぁいごま,まもること。「所得の法を愛護す」,,anurakṣyatva,,
,愛膏油,ぁいこうゅ,愛という油。愛を油に喩えていう。この油が尽きたときに無熱の楽を受ける。,,,,（参考） （『婆沙』 150、大正 27・768b)
,愛子,ぁいし,①愛する子。「母子が乖離するが故に母が愛子を失うと名づく」,,putra-abhilāṣin,,
,,,②子を愛すること。「母が子を愛す」,,,,
,愛支,ぁいし,生存のありようを構成する十二種の要素（十二支）の一つ。貪る心。,十二支縁起,,（出典）愛支体、唯煩悩中貪。（『略纂』 4、大正 43・58b),
,愛事,ぁいじ,世の人びとが愛し執着するもの。たとえば子供や財産など。,,,,（参考） （『婆沙』 83、大正 27・429b‑c)
,愛著,ぁいじゃく,愛し執着すること。「外門の境界を愛著す」「利養・恭敬を愛著す」,,anunaya:sneha,,
,愛著処,ぁいじゃくしょ,愛し執着する対象。〈唯識〉は五取蘊・五妙欲・楽受・身見・転識・色身・不相応行などを愛著処とみなす説に反対して、真の意味での愛著処は阿頼耶識であると説く。著処ともいう。,,,,（参考） （『成論』 3、大正 31・15b)
,愛習,ぁいしゅぅ,愛を生じる潜在的力（習気）。仏はこの愛習を断じているから誉れを得ても歓ばない。貪愛習ともいう。,,,,（参考）げ婆沙』 173、大正 27・872c)
,愛重,ぁいじゅぅ,①価値あるもの、たとえば釈尊によって説かれた教え（法）を重んじること。「法を愛重す」「如来の聖教を愛重す」「名言を厭離して義を愛重す」,,gaurava,,
,,,②世俗的な飲食•財産・名誉などを重んじること。「飲食を愛重す」「財食を愛重す」「利養と恭敬とを愛重す」,,,,
,,,③愛敬におなじ。,愛敬,,,
,愛出,ぁいしゅっ,愛から逃れ出ること。愛を断じる修行（断愛法）において最後に観察するありよう。→断愛法「修道位の中、先に愛味を観じ、次に愛患を観じ、後に愛出を観ず」,,,,
,愛潤,ぁいじゅん,水が草木を潤して枯渇せしめないように、愛が心を潤して生死をつづけさせることをいう。むさぽること。「何に縁りてか無漏は異熟を招かざるや。愛澗なきが故なり。貞実の種に水の潤沃なきが如し」「愛は有情を澗して有に住著せしめ、出離すること能わざらしむ」,,,,
,愛所行路,ぁいしょぎょうろ,愛の対象となる領域（境界）。,,,,（参考） （『瑜伽』 86、大正 30・782b)
,愛上静慮者,ぁいじょうじょうりょしゃ,四種の静慮者（愛上静慮者・見上静慮者・慢上静慮者・疑上静慮者）の一人。貪愛の強い静慮者。静慮はすばらしいものであるとその功徳を聞いてその功徳を得ようと静慮に愛着を生じて静慮に入る人。,静慮①,,,（参考） （『瑜伽』 12、大正 30・335b)
,愛諍根,ぁいじょうこん,愛によって引き起こされる争いの根本。四つの身繋（貪欲身繋．瞋恚身繋・戒禁取身繋・此実執身繋）のうちの前の二つをいう。見諍根に対する語。,,,（出典）有四身繋、謂、貪欲身繋．瞋恚身繋．戒禁取身繋・此実執身繋。中略）復次此四身繋、起二諍根、過余煩悩、是故偏立。謂、初二身繋起愛諍根、後二身繋起見諍根。,（『婆沙』 48、大正 27、48c～249a)
,愛身,ぁいしん,①愛しい自己の身。「愛身を宝とし長久ならしめんと欲す」,,,,
10,,,②,六愛身,,,
11,愛尽,ぁいじん,愛が尽きてなくなること。涅槃の一つのありようをいう。『婆沙論』『倶舎論』『瑜伽論』を通して「愛尽離欲（＝離染）寂滅涅槃」（tṛṣṇā-kṣaya-virāga-nirodha-nirvāṇa) という表現が、また『婆沙論』に「愛尽離染寂滅涅槃」「愛尽涅槃」「愛尽離滅涅槃」、「倶舎論」 に「一切愛尽離染滅名為涅槃」、『確伽論』に「愛尽離欲寂滅涅槃」「愛尽寂滅涅槃」「愛尽離欲永滅涅槃」という表現がある。,,tṛṣṇā-kṣaya,,
,愛水,ぁいすい,愛を水に喩えて愛水という。水が樹木を潤して成育させるように、貪愛が心を潤し苦的存在（生・異熟）を生ぜしめるから、貪愛を水に喩えて愛水という。貪愛水ともいう。「愛水が潤し、余の煩悩が覆して異熟を感ず」,,,,（参考） （『婆沙』115、大正 27・598a)
,愛箭,ぁいせん,愛を毒箭（毒矢）に喩えて愛箭という。見箭に対する語。「愛箭が心に入ること、毒箭に中るが如し」,,,（出典）有箭者、謂、二種有箭。一者愛箭、二者見箭。（『婆沙』 33、大正 27・173b),
,愛染,ぁいぜん,①物や人に対する愛着。「諸の欲の中に於て心は愛染を生ず」「貪を懐くが故に諸の愛染多く、身財などに於て深く顧恋を生ず」,,āmiṣa:saṃrakta,,
,,,②男女間の性的愛。「父母和合して倶に愛染を起こす」,,rakta:saṃrakta,,
,愛憎,ぁいぞう,愛と憎。貪愛と憎恚。愛することと憎むこと。「貪と瞋とは倶起することを得ず。愛憎の二境は必ずおなじからざるが故に」「愛とは貪愛を謂い、憎とは憎恚を謂う」,,,,
,愛雑染,ぁいぞうぜん,愛によって汚れていること。三種の雑染（見雑染•愛雑染・尋思雑染）、あるいは五種の雑染（疑雑染•愛雑染・信解雑染・見雑染・増上慢雑染）の一っ。,,,,（参考） （『瑜伽』 56、大正 30・612c):（『瑜伽』87、大正 30・790b～c)
,愛蔵,ぁぃぞぅ,①執着すること。「邪見に執著して深く愛蔵を起こす」「薩迦耶に於て愛蔵して住す」「一切の後有の諸行を愛蔵す」,,,,
,,,②執着して自己、あるいは自己のものと考えること。〈唯識〉は、根源的なそのようなものとして阿頼耶識を説く。,,,（出典）言愛蔵者、摂為己体故。（『瑜伽』 16、大正 30・365b),
,愛触,ぁいそく,貪愛によって触れること。受を生じる十六種の触の一つ。,触,,,
,愛断,ぁいだん,愛を断ずること。断愛ともいう。→断愛「愛断を求めて梵行を修す」,,,,
,愛纏,ぁいてん,愛という纏。纏とは煩悩の異名で、まとわりつくという意味。貪愛・貪欲という煩悩をいう。,,,,（参考） （『婆沙』 141、大正 27・726a)
,愛纏雑染,ぁいてんぞうぜん,愛・貪愛・貪欲の煩悩によって汚れていること。,,,,（参考） （『瑜伽』 88、大正 30・795a b)
,愛念,ぁいねん,生きもの（衆生・有情）を愛し慈しむこと。「諸の衆生を愛念す」,,priyatā:prematā:preman,,
,愛非愛,ぁぃひあい,愛と非愛。事柄の「好ましいありよう」と「好ましくないありよう」。愛不愛ともいう。「業は能く愛非愛の果を分別す」「愛非愛の趣」「愛不愛の趣の中に於て愛不愛の自体を牽引す」,,iṣṭa-aniṣṭa,,
,愛不愛,ぁいふあい,愛非愛とおなじ。,愛非愛,,,
,愛仏貪滅,ぁいぶつとんめっ,仏を愛し滅（涅槃）を貪ること。薩婆多師はこのような貪愛を善法欲として肯定するが、大乗はこのように考えて執着することも一つの貪愛として否定する。,,,（出典）薩婆多師、縁無漏、貪是善法欲。今大乗説、愛仏貪滅、皆染汚収。与見倶生、縁無漏故。（『述記』 6末、大正 43・444a),
,愛分別,ぁいふんべっ,八分別の一つ。,八分別,,,
,愛別離苦,ぁぃべつりく,愛するものと別れる苦しみ。世間的苦の代表。八苦の一つ。親愛別離苦ともいう。→八苦「世間の怨憎会苦と愛別離苦とを厭って出家す」,,priya-vinā-bhāva-duḥkhaḥ,,
,愛変無常,ぁぃへんむじょぅ,愛するものが変化し転変するという無常。,,,,
,愛慕,ぁいぼ,,あいも,,,
,愛品,ぁいほん,煩悩のうちの愛に属する一群。「愛品の煩悩と見品の煩悩」,,,,
,愛味,ぁいみ,①愛という味。愛を断じるための修行（断愛法）において、最初に観察すべきありよう。→断愛法「修道位の中、先に愛味を観じ、次に愛患を観じ、後に愛出を観ず」「諸行の愛味と過患と出離とを観察し了知す」,,,,
,,,②あじ。味覚。風味。「段食の愛味」「境界の愛味」,,āsvāda,,
,,,③愛着する、貪る、執着する、執着して享受すること。貪著とおなじ。「等至・定・三摩鉢底を愛味す」「静慮に愛味を生じて恋著し堅住す」「世間を愛味す」,,āmiṣa:āsvāda,（出典）言愛味者、謂、於是中、遍生貪著。（『瑜伽』 62、大正 30・645c),
12,愛慕,ぁいも,愛し慕うこと。憧れること。願望すること。「出離を愛慕す」「仏妙智を愛慕す」,,autsukya:spṛhā,,
,愛門転,ぁいもんてん,愛を原因として生じること。見を原因として生じること（見門転）に対する語。,,,（出典）愛縁取、亦有二種。一見門転、二愛門転。（『婆沙』23、大正 27・119b）,
,愛養,ぁぃょぅ,父母など恩ある人を供養すること。よい果報（福報）をもたらす三種の供養（施与•愛養・祠祀）の一つ。三福田（悲田・恩田・敬田）のなかの恩田にあたる。すべてを否定する空見論者はこの三つを否定する。『婆沙論』『倶舎論』では愛楽と訳す。,愛楽⑦,iṣṭa,（出典）空見論者、謂、如有一、若沙門、若婆羅門、起如是見、立如是論。無有施与、無有愛養、無有祠祀、広説乃至、世間無有真阿羅漢。（『瑜伽』 7、大正 30・311a)：施与・愛養・祠祀者、如次、悲田・恩田・敬田三種差別。或初汎行慧、次現前敬恩田、後不現前敬恩田差別。（『略纂』 3、大正 43・42b),（参考） （『婆沙』98、大正 27・505a以下）
,愛欲,ぁいよく,①愛し欲すること。むさぼること。苦を生じる煩悩。「三界所有の愛欲を棄つ」,,,,
,,,② （さとりたいと）切望すること。「菩提を敬重し愛欲す」,,,,
,愛力,ぁいりき,①母胎に入る動因としての愛の力。,,,（出典）愛能潤識、生後有芽。謂、由愛力得入母胎、滋潤精血、令住胎蔵。（『婆沙』 78、大正 27・403b),
,,,②苦や他の煩悩を生じる力としての愛の力。,,tṛṣṇā-vaśa,（出典）由愛力、取蘊生。（『成論』 6、大正31・31b),
,愛恋,ぁいれん,恋い焦がれること。「妻子を愛恋す」,,,,
,藹羅筏底,ぁいらばてぃ,贍部洲にある四大河の一つである信度河の支流の一つ。,四大河,airāvatī,,
,藹羅伐拏龍王,ぁいらばぬりゅうおう,,哀羅筏拏龍王,,,
,悪,ぁく,①悪いこと。善くないこと。三種の価値判断（善・悪・無記）のなかの一つ。「業に善と悪と無記との三種あり」「悪不善の法」,,akuśala:pāpa:pāpaka,（出典）悪者、謂、不善業。不善者、謂、一切煩悩。障善法故、説為不善。是違善義。（『婆沙』 94、大正 27・487c)：所言悪者、謂、諸悪行。（『確伽』 17、大正 30・370a),（参考） （『婆沙』 112、大正 27・579b）
,,,②意に適わない人。不快な人。「悪と親」,,apriya,,
,,,③暴れること。残虐なこと。「悪牛」,,caṇḍa,,
,,,④病気にかかっていること。「悪皮」,,doṣa,,
,,,⑤まちがっていること。「悪因」「悪行」,,viṣama,,
,,,⑥罪。過失。,,avadya,,
,悪阿世耶,ぁくあせゃ,阿世耶は āśayaの音写。悪をなそうとする意志。→阿世耶「諸の見行者は悪阿世耶が極めて堅深なり」,,pāpa-āśaya,,
,悪威儀,ぁくいぎ,悪いふるまい・行為。「汝、応に諸の悪威儀を離れ、善く己身を護るべし」,,pāpika-caryā,,
,悪意,ぁくぃ,邪悪な意志。「悪意の分別とは、他の有情の所に於て嗔恚の増上力に由って損害を為さんと欲するを謂う」,,praduṣṭa-manas,,
,悪意楽,ぁくいぎょぅ,悪をなそうとする意志。「他の有情に於て損悩の心、怨嫌の心、悪意楽の心ありて、彼の命を断ず」,,pāpa-āśaya,,
,悪因,ぁくいん,①まちがった不適切な原因。自在天、あるいは自性・士夫などから一切の存在が生じると外道が考える原因をいう。不平等因ともいう。そのような見解を悪因見・悪因論・悪因諍論といい、そのような見解を持つ者を悪因論者という。,,viṣama-hetu,,
,,,②悪をもたらす原因。悪い原因。「善果は善因より生じ、悪果は悪因より生ず」,,akuśala-hetu,,
13,悪因見,ぁくいんけん,,悪因,,,
,悪因諍論,ぁくいんじょうろん,,悪因,,,
,悪因論,ぁくいんろん,,悪因,,,
,悪因論者,ぁくいんろんしゃ,,悪因,,,
,悪慧,ぁくぇ,悪い智慧。汚れた智慧。乱れた心から生じる。,,kutsitā prajñā:kuprajñā:duṣprajñā:dauṣprajñā,（出典）諸染汚慧、名為悪慧。（『倶舎』 10、大正 29・51c) ：散乱者発悪慧故。（『成論』6、大正 31・34c),
,悪果,ぁくか,悪い結果。悪い原因（悪因）よりもたらされたもの。「善果は善因より生じ、悪果は悪因より生ず」,,akuśala-phala,,
,悪果報,ぁくかほぅ,悪い報い、結果。「是の人、先に種種の悪不善業を作し、今、是の如き苦なる悪果報を受く」,,pāpa-vipāka,,
,悪戒,ぁくかぃ,悪尸羅ともいう。悪い戒め。善戒 (sila) の対。→戒 → 尸羅 「 帝 王と為って法を以って世を治め、大衆を御し、勧めて悪戒を捨てて善戒を修せしむ」,,asaṃvara:dauḥśīlya,,
,悪逆,ぁくぎゃく,きらうこと。嫌悪すること。「諸法の中に無我の相を取り、飲食の中に於て悪逆の相を取る」,,,,
,悪行,ぁくぎょぅ,悪い行為。あやまった行為。身体的・言語的・精神的な三種（身・語・意）の悪い行為。悪業におなじ。顕著な悪行として十不善業があげられる。不平等行・非法行ともいう。→十不善業「身・語・意の種種の悪行を行ず」,,duścarita:vipratipatti:viṣama-caryā,（出典）三悪行者、謂、身悪行・語悪行・意悪行。（『婆沙』 112、大正 27・578a) ：一切不善身語意業、如次、名身語意悪行。（『倶舎』16、大正 29・84b) ：悪行有三。謂、貪悪行・瞋悪行・癡悪行。由依止貪瞋癡故、恒行身語意悪行、故名悪行。（『雑集論』 7、大正31・725a‑b),（参考） （『婆沙』 112、大正 27・579b)
,悪行根,ぁくぎょうこん,四念住から生じる善なるものの障害となる三つのカ・働き（根）の一つ。身体的・言語的・精神的な三種（身・語・意）の悪い行為。それによって来世において悪趣の苦に住することになる。,,,（出典）有三種根。於諸念住一切善聚為障礙故、当知、説名不善法聚。何等為三。一悪行根、能令当来住悪趣苦。（『瑜伽』 97、大正30・860a),
,悪形色,ぁくぎょうしき,悪い容姿、顔色。好形色の対。「諸の有情は、或いは好形色、或いは悪形色、或いは上族姓、或いは下族姓など、現に種種の差別を得べきことあり」,,durvarṇa,,
,悪禽獣,ぁくきんじゅぅ,害をなす猛獣。遭遇すると恐怖を抱く対象の一つ。雑悪禽獣ともいう。「師子・虎狼・雑悪禽獣に遭って驚怖す」,,kṣudra-mṛga,,
,悪狗,ぁくく,凶暴な犬。「彼の村邑・聚落に入って乞食する時は、応に悪象・悪馬・悪牛・悪狗・悪蛇・悪獣を避けるべし」,,caṇḍa-kukkura,,
,悪解脱,ぁくげだっ,悪から解脱すること。「一あるが如く、自から身を苦しめるが故に自から悪解脱すと計す」,,pāpa-vimokṣa,,
,悪見,ぁくけん,悪い見解。真理をまちがってとらえる見方。六つの根本煩悩の一つ。これに薩迦耶見・辺執見・邪見・見取・戒禁取の五つがある（→各項目を参照）。,,asaddṛṣṭi:kudṛṣṭi,,（参考） （『成論』 6、大正 31・3lc‑32a)
,悪見趣,ぁくけんしゅ,あやまった見解に陥っていること。『梵網経』に六十二種の悪見趣が説かれている。見趣ともいう。悪見処とおなじ。→六十二諸悪見趣「我見及び有情見を起こして悪見趣に堕つ」,,dṛṣṭi-gata,（出典）言見趣者、趣、謂、意趣、或是所趣、或謂趣況。（『述記』 6末、大正 43・446b),
,悪見処,ぁくけんしょ,あやまった見解に住していること。悪見趣とおなじ。「我ありと執する者は悪見処に堕つ」,,dṛṣṭi-sthāna,,
,悪顕色,ぁくけんじき,明瞭に顕現している色彩のうち、好ましくないもの。三種の顕色（好顕色・悪顕色・倶異顕色）の一つ。,顕色,,,
,悪牛,ぁくご,凶暴な牛。「彼の村邑・聚落に入って乞食する時は、応に悪象・悪馬・悪牛・悪狗・悪蛇・悪獣を避けるべし」,,caṇḍa-go,,
,悪語,ぁくご,,悪言,,,
,悪香,ぁくこう,においの悪い香り。,,durgandha,,
14,悪業,ぁくごう,①悪い行為。たとえば、刀・杖・手・石などで生きものを害すること。動物を殺すこと。人びとと争い戦うこと。悪趣（地獄・餓鬼・畜生という三つの悪い生存形態）に生まれる原因となる。,,pāpa-karman,（出典）作悪業者、堕三悪趣。（『婆沙』 21、大正 27・106c),
,,,②善でない行為。不善の業。十種ある。,十不善業道,akuśala-karman,,
,悪言,ぁくごん,粗暴な言葉。わるくち。悪語・悪説とおなじ。「当に口を護って悪言を出すことなかれ」,,durvacas,,
,悪言説,ぁくごんぜつ,粗暴な言葉。あやまって語られた説。「外道の造るところの因論は是れ悪言説なり」,,durbhāṣita,,
,悪作,ぁくさ,①→悪作（おさ）,,,,
,,,②悪くなされたこと。悪い行為。善作の対。「尸羅に由って、数数、悪作を観察して作さず、数数、善作を観察して作す」,,kukṛta:duṣkṛta:duṣkṛtya,,
,,,③悪くなすこと。「諸の愚夫は所思を悪思し、所説を悪説し、所作を悪作す」,,duṣkarma-kārin,,
,,,④財産を悪く分与すること。「悪作に由って財宝を喪失す」,,kuvihita,,
,,,⑤戒を犯した罪の一つ。原語 duṣkṛtaを突吉羅と音写。,突吉羅,duṣkṛta,,
,悪察那,ぁくさな,akṣaṇa の音写か。『述記』に名・句・文を解釈するなかで「悪察那是字、無改転義」と述べられ（『述記』 2末、大正 43・289a)、「悪察那」という語が出てくるが、文 (vyañjana) は字 (akṣara) のことであるから、『述記』では akṣaraをakṣaṇaと錯誤したのであろうか。 akṣaraは悪刹羅と音写される。,悪刹羅,,,
,悪刹羅,ぁくさら,akṣara の音写。文章を構成する文字のこと。 akṣaraを「変化する」という意味の kṣaraに否定の a-をつけたものと解釈し、文章を構成する文字は変化しないもの（無改転・不流転）ととらえる。名・句・文のうちの文の言い換え。,字、文②,akṣara,（出典）梵云悪刹羅、唐言字、是不流転義。（『倶舎論記』 5、大正 41・108c),
,悪思,ぁくし,悪く思考すること。「略して悪思の思議と善思の思議との二種の思議あり」「諸の愚夫は所思を悪思し、所説を悪説し、所作を悪作す」,,duścintin,,
,悪師子,ぁくしし,凶暴なライオン。「若し処所に悪師子・虎豹などの諸の恐怖の事がなければ、是の処所においては身意は泰然たり」,,caṇḍa-siṃha,,
,悪事,ぁくじ,悪い事。悪い行為。悪業。たとえば他人の命を害すること、動物を殺すこと、ものを盗むこと、よこしまなセックスをすること、嘘をいうこと、飲酒することなど。「悪事を作し已って心に追悔を生ず」,,,,
,悪尸羅,ぁくしいら,,悪戒、尸羅,,,
,悪色,ぁくじき,①きたない色（いろ。顕色）。好色の対。,好色,durvarṇa,（出典）言好色者、謂、美妙顕色。一向浄妙故。与此相違、名為悪色。（『瑜伽』 12、大正30・336c‑337a)：好色悪色者、浄不浄顕色所摂。（『雑集論』 13、大正 31・759a),
,,,②容姿や形の悪い存在。羊などの動物の姿。妙色の対。→妙色「生きものの呪殺を行ずるに由って、当来において能＜羊などの悪色を変じて妙色を成ぜしむ」,,,,
,悪叉,ぁくしゃ,,悪叉聚,,,
,悪叉聚,くしゃじゅ,悪叉は akṣaの音写。悪叉のあつまり。悪叉は、どんぐりに似た果実の名で、地面に落ちるとーか所に集まることから、おなじところに多くの種類が存在していることの喩えに用いられ、悪叉聚喩という。「経に悪叉聚の喩を説くが如し。阿頼耶識中に於て多界あるが故に」,,,,
,悪叉聚喩,ぁくしゃじゅゅ,,悪叉聚,,,
,悪者,ぁくしゃ,悪い人。「他を毀壊せんと楽うを名づけて悪者と為す」,,duṣṭa-jana,,
,悪邪道,ぁくじゃどぅ,外道が説く解脱するためのよこしまな道。邪道とおなじ。,邪道,,,
,悪蛇,ぁくじゃ,狂暴な蛇。「彼の村邑・聚落に入って乞食する時は、応に悪象・悪馬・悪牛・悪狗・悪蛇・悪獣を避けるべし」,,,,
,悪取空,ぁくしゅくぅ,空をあやまって理解すること。一切は虚無でありまったく存在しないと理解すること。世俗諦と勝義諦の二つの諦の存在を否定すること。このような見解をもつ人を悪取空者という。善取空の対。,善取空,durgṛhītā śunyatā,（出典）撥無二諦、是悪取空。（『成論』 7、大正31・39b),（参考） （『瑜伽』 36、大正 30・488c)
15,悪取空者,ぁくしゅくうしゃ,,悪取空,,,
,悪取執,ぁくしゅしゅぅ,悪くとらえる、考える、理解すること。「一類あり、悪取執に由って是の如き言を作す」,,,,
,悪趣,ぁくしゅ,悪い行為が原因で堕る地獄（那落迦．捺落迦）．餓鬼・畜生（傍生）という三つの悪い趣（生存形態）。楽がなくただ苦のみを受ける。「悪業を作して三悪趣に堕っ」「能く悪趣を招くが故に悪行と名づく」,,apāya:durgati,,
,悪趣畏,ぁくしゅい,地獄・餓鬼・畜生などの悪い生存形態（趣）として生まれることへの恐れ。五種の恐れ（怖畏）の一つ。,怖畏,durgati-bhaya,,
,悪受,ぁくじゅ,悪くあやまってとらえる、受ける、受けとめる、理解すること。「心散乱して悪受す」「尸羅律儀を悪受す」,,durgṛhīta,,
,悪呪術,ぁくじゅじゅつ,外道のバラモンが唱える悪い呪術。「諸の婆羅門の悪呪術の語に依って綺語を発す」,,mantra,,
,悪頌,ぁくじゅ,悪い評判。「浄戒を毀犯する因縁に由って、定んで方維に遍じて悪名・悪称・悪声・悪頌が彰顕し流布す」,,pāpaka-śloka,,
,悪獣,ぁくじゅぅ,狂暴なけもの。「彼の村邑・衆落に入って乞食する時は、応に悪象・悪馬・悪牛悪狗悪蛇悪獣を避けるべし」,,,,
,悪声,ぁくしょぅ,悪い噂。悪評判。「浄戒を毀犯する因縁に由って定んで方維に遍じて悪名・悪称・悪声・悪頌が彰顕し流布す」,,apaśabda:papāka-śabda,,
,悪心,ぁくしん,悪い心。殺害しようとする意志。,悪心出血,kucitta:duṣṭa‑citta,,
,悪心出血,ぁくしんしゅけつ,殺害しようとする意志を抱いて仏（如来）の身体を傷つけ出血させること。無間業の一つ。→五無間業「悪心を起こして仏身より血を出す」,,duṣṭa‑citta-rudhira-utpāda,,
,悪尋,ぁくじん,悪い思い、考え。欲尋・恚尋・害尋の三種がある。悪尋思・悪尋伺ともいう。「悪尋には必ず欲尋・恚尋・害尋の三害の相あり」,,,,
,悪尋伺,ぁくじんし,①正しくない悪い考え、追求心。「外道は悪尋思に因って実我ありと執す」,,asad‑vitarka,,
,,,②三種の悪尋の一つ。,悪尋,,,
,悪説,ぁくせっ,①粗暴な言葉。悪言とおなし。,悪言,durvacas,,
,,,②悪くあやまって語ること、説くこと。「諸の愚夫は所思を悪思し、所説を悪説し、所作を悪作す」,,durbhāṣin,,
,,,③悪くあやまって語られたもの。「能く善説と悪説とのあらゆる法義を解す」,,,,
,,,④七聚の一つ。,七聚,,,
,悪説者,ぁくせっしゃ,悪くあやまって語る者、説く者。,,,,
,悪説法,ぁくせっぽぅ,①悪く説かれた教え。外道の教え。「悪説法の中に真の究竟なし」,,,,
,,,②悪く教えを説くこと。,,,,
,悪説法者,ぁくせっぽうしゃ,悪く教えを説く者。,,,,
,悪説法毘奈耶,ぁくせっぽうびなや,,悪説法律,,,
,悪説法律,ぁくせっぽうりつ,悪く説かれた教えと規律。法 (dharma) は教えの総称、律 (vinaya) は規律の総称で毘奈耶と音写。悪説法毘奈耶ともいう。,,,,
,悪賎,ぁくせん,にくみきらうこと。「可厭患法に於て心に厭離・悪賎を生ず」,,saṃvega,,
,悪象,ぁくぞぅ,凶暴な象。「彼の村邑・衆落に入って乞食する時は、応に悪象・悪馬・悪牛・悪狗・悪蛇・悪獣を避けるべし」,,caṇḍa-hastin,,
,悪触,ぁくそく,好ましくない感触。三種の触（好触・悪触．捨処所触）の一つ。,触④,duḥsaṃsparśa,,
,悪賊,ぁくぞく,賊とおなじ。,賊,,,
,悪知識,ぁくちしき,悪友。敵対する者。反対者。善知識の対。→善知識「先に父母となり、後に反じて悪知識となる」,,pratyamitra,,
,悪天魔,ぁくてんま,,魔,,,
,悪田,ぁくでん,①稲などが育たないやせた田。「欲界は是れ不善の田なるが故に、悪田ありて嘉苗が殖し難く、穢草が生じ易しが如く、欲界もまた、爾なり」,,,,
,,,②布施をするに値しない人。やせた田に種をまいてもひよわな芽が生じるように、その人に布施などの善い行ないの種をまいても福が生じてこないような人をいう。「施主は悪田に於てすと雖も他を益する心をもって諸の施の種を殖すときは、ただ愛果を招き、非愛を招かず」,,kukṣetra,,
16,悪道,ぁくどぅ,①悪い道。平坦でない道。「悪道と言うは、平正ならざるが故なり」,,,,
,,,②悪趣とおなじ。地獄・餓鬼・畜生の三つの悪い生存形態。「能く三悪道の障を制伏して人と天とに生ずることを得る」,,,,
,悪得,ぁくとく,悪く得ること。何の所得もないこと。「滅涅槃に於て寂静を観ぜずして、乃ち仏、或いは法、或いは僧に依って深く厭恥を生じて、是の念を作して言く。我、如来大師の仏宝、法毘奈耶の善説の法宝、無倒に善行を修習する僧宝に依るに、所得なしと為す。所得あるに非ざるは是れ其の悪得にして善得と為すに非ず」,,,,
,悪毒刺,ぁくどくし,とげ、いばら。,毒刺,kaṇṭaka,,
,悪毒虫,ぁくどくちゅぅ,害をなす虫類。さそり（蝎）や、げじげじ、むかでなど。,,,,
,悪貪,ぁくとん,むさぼり。「他の委寄せるところの財物に於て規って抵拒せんと欲するが故に悪貪と名づく」,,,,
,悪貪欲,ぁくとんよく,むさぽり。欲望。,,pāpaka-abhidhyālu,,
,悪人,ぁくにん,悪い人。「破戒の悪人」「悪人を打縛す」,,pāpaka-jana,,
,悪不善業,ぁくふぜんごう,,悪不善法,,,
,悪不善業道,ぁくふぜんごうどう,不善業道とおなじ。,不善業道,,,
,悪不善法,ぁくふぜんほぅ,悪い、善くない行為、心。悪不善業とおなじ。「三摩地に依って是の如く五蓋を断じ已って便ち能く心の随煩悩を遠離し、諸欲の悪不善法を遠離す」,,pāpakā akuśalā dharmāḥ,,
,悪朋友,ぁくほうゅぅ,悪いともだち。,,akalyāṇa-mitra,,
,悪法,ぁくほぅ,悪いこと。悪い存在•ありよう。「邪行を行ずる者とは、 尸羅を犯して諸の悪法を行ずるを謂う」,,pāpa:pāpaka-dharma,,
,悪品,ぁくほん,悪の類。悪なるもののグループ。不善品ともいう。善品の対。「諸の善品に於て速疾に受学し、諸の悪品に於て速疾に除断す」,,akuśala-pakṣa,,
,悪魔,ぁくま,害をなす悪魔。魔は māraの音写。魔羅とも音写。,魔,pāpaka-māra:māra,,
,悪魔羅,ぁくまら,悪魔とおなじ。,悪魔、魔,,,
,悪名,ぁくみょぅ,悪い評判。「浄戒を毀犯する因縁に由って、定んで方維に遍じて悪名・悪称・悪声・悪頌が彰顕し流布す」,,aśloka:pāpaka-varṇa,,
,悪名畏,ぁくみょうい,評判が悪くなることへの恐れ。五種の恐れ（怖畏）の一つ。,怖畏,aśloka-bhaya,,
,悪馬,ぁくめ,凶暴な馬。「彼の村邑・聚落に入って乞食する時は、応に悪象・悪馬・悪牛・悪狗・悪蛇・悪獣を避けるべし」,,caṇḍa-aśva,,
,悪聞,ぁくいん,悪くあやまって聞くこと。「掉挙・流散・悪見・悪聞・悪語・悪行に依って唯だ聞思を楽しんで散乱する門に由り、尋思を乱す」,,,,
,悪友,ぁくゆぅ,悪い友。敵対する人。無羞恥（恥じることがない）．邪見（まちがった見解を持つ）．懈怠（なまける）．邪行（よこしまな行ないをする）・性怯劣（おそれて心が縮み無気力である）という五つのありようをもつ人。善友の対。→善友「悪友に親近して不正法を聞く」,,pāpa-mitra:pratyamitr,（出典）由五種相、建立悪友。一無羞恥、ニ有邪見、三有懈怠、四有邪行、五性怯劣。（『瑜伽』 64、大正 30• 657b),
,悪誉,ぁくょ,不名誉。「自に於て能く、悪声・悪称・悪誉などの不信重の言を発す」,,akīrti,,
,悪欲,ぁくよく,悪い欲望。「財利に耽著するを悪欲と名づく」,,,,
,悪律儀,ぁくりつぎ,悪い律儀。悪をなすことを防ぐことがない戒め。不律儀ともいう。,不律儀,asaṃvara,,
,圧,ぁっ,おす、おさえる、おしつぶすこと。「甘蔗を圧すが如く、既に圧され已って、血、便ち流注す」,,pra-pīḍ,,
,遏,ぁっ,,あ,,,
,頞,ぁっ,,あ,,,
,安,ぁん,①静かな状態にとどめること。「心を内に安ず」,,,,
,,,②軽安とおなじ。→軽安「何等を名づけて八種断行と為す。（中略）四には安なり。謂く、清浄の信を上首と為して心に歓喜を生じ、心が歓喜するが故に、漸次に諸の悪不善法品の麁重を息除す」,,praśrabdhi,（出典）安、謂、軽安、遠離麁重、調暢身心、堪任、為性。（『成論』 6、大正 31・30b),
,,,③安息とおなじ。→安息「此の無間道に於て未だ修せず、未だ安ぜずとは、未だ修習せず、及び未だ安息ならざるを謂う」,,,,
17,安慰,ぁんい,なぐさめて元気づけること。やさしい言葉をかけてなぐさめること。「種種の驚怖を安慰する愛語」「一切の不安穏者を安慰す」「柔軟言を以って乞者を安慰す」,,āśvāsanī,,
,安危,ぁんぎ,安と危。正常と異常、損害と利益、良い状態と悪い状態、など相い対立する二つのありようをいう。「世間の安危の事を開示す」「大種の損益に由って所造色は安危を同じくす」,,yoga-kśema:sama-viṣama,,
,安危共同,ぁんぎきょうどう,,安危同一,,,
,安危事同和合,ぁんぎじどうわごう,,安危同一,,,
,安危同一,ぁんぎどういっ,同安危・同一安危•安危事同和合ともいう。一方が良い状態にあれば他方も良い状態になり、逆に一方が悪い状態であれば他方も悪い状態となるという相互関係をいう。そのような相互関係にあるものとして次のようなものがある。 （ⅰ）身体（造色）とその構成要素（大種）。（ⅱ）羯羅藍（男性の精子と女性の卵子とが結合した直後の液状体の胎児の状態）と心心所。（ⅲ） 身体（色・身・有根身）と識（心心所・阿頼耶識）。,,anyonya-yoga-kśema:eka-yoga-kśematva,（出典）此識亦名阿頼耶識。何以故。由此識於身摂受蔵隠同安危義故。（『解深』1、大正16・692b)：此羯羅藍色、与心心所、安危共同故、名依託。（『瑜伽』 1、大正 30・283a):云何彼（＝造色）所建立。由大種損益、彼同安危故。（『瑜伽』 3、大正 30・290a)：識執不執者、若識依執、名執受色。此復云何。謂、識所託、安危事同和合生長。（『瑜伽』53、大正 30・593c‑594a)：執受法者、謂、諸色法、為心心所之所執持、由託彼故、心心所転安危事同。同安危者、由心心所任持力故、其色不断不壊不爛、即由如是所執受色、或時衰損、或時摂益、其心心所亦随損益。（『瑜伽』 100、大正 30・880a)：諸大種於所生造色、当知、能作五業。（中略）摂受損害、安危共同、能建立彼故。（『瑜伽』 54、大正30・599c～600a)：於母胎中識翔羅藍更相和合者、謂、中有滅時、於母胎中有異熟識、与其赤白同一安危。（『摂論釈・無』 3、大正31・392c)：有根身者、謂、諸色根及根依処、二皆識所執受、摂為自体、同安危故。（『成論』 2、大正 31・10a),
,安居,ぁんこ,滞在すること。おなじ場所に留まって修行すること。,雨安居,,,
,安坐,ぁんざ,しずかに坐ること。仏と成って菩提座に坐ること。「端身とは身正直にして安坐するの義なり」「無上勝菩提座に安坐す」,,niṣaṇṇa:niṣadana:ni-sad,,
,安止,ぁんし,心をある対象に置き止めて集中すること。「心を安止す」,,,,
,安受,ぁんじゅ,苦を耐え忍んで受け止めること。忍受ともいう。「苦を安受する忍」,,adhivāsanā,,
,安受苦忍,ぁんじゅくにん,苦を受け止めて耐え忍ぶこと。忍受苦忍ともいう。三種の忍（耐怨害忍•安受苦忍・諦察法忍）の一つ。,,duḥkha-adhivāsanā-kṣānti,,（参考） （『瑜伽』 42、大正 30・523c～524a)
,安住,ぁんじゅう,①持続する、維持する、継続すること。変化しないで存在しつづけること。「有情の寿命が安住す」「身が安住す」「一法体の一刹那中に安住・衰異・壊滅あり」,,sthā:sthiti,,
,,,②存在すること。「仏が出世しても出世せずとも、法性・法住・法界は安住す」,,vyavashtita:sthita,,
,,,③あるところに、あるいは、ある状態に住すること、身を置くこと。「寂静に安住す」「正奢摩他に安住す」「具戒に安住す」「正念に安住す」「二辺を離れて中道に安住す」,,upa-sthā:upasthita:pratyupasthita:vihārin:vi-hṛ:vyavasthita:sam-sthā:stha:sthita,,
,,,④ある対象に心を集中して繋ぎ止めること。「所縁の境に其の心を安住す」,,upanibaddha:upanibandha,,
,,,⑤安定して存在すること。「息、便ち安住す」「空定に住して其の心、安住す」,,,,
,,,⑥立てる、設ける、設定すること。安立とおなじ。,,,（出典）安住者、謂、或安立補特伽羅。（『瑜伽』 78、大正 30・734c),
,,,⑦九種の心住の一つ。,心住,,,
18,安住転,ぁんじゅうてん,五種の転の一つ。,転①,,（参考） （『雑集論』 15、大正 31・765c),
,安住法,ぁんじゅうほう,六種の阿羅漢（退法・思法・護法・安住法・堪達法・不動法）の一つ。退く縁にあうこともなく、自ら護ることもなく、修行をさらに加えることもなく、おなじ程度のさとりに住しつづける阿羅漢。安住の原語 sthita-ākampya の う ちsthitaは住、 ākampyaは不動という意味であるから、詳しく意訳して住不動阿羅漢ともいう。,,sthita-ākampya-dharma,（出典）阿羅漢有六種。一退法、二思法、三護法、四安住法、五堪達法、六不動法。（中略）安住法者、謂、彼不退亦不昇進。（『婆沙』 62、大正 27・319c)：安住法者、離勝退縁、雖不自防亦能不退、離勝加行亦不増進。（『倶舎』 25、大正 29・129b),
,安処,ぁんしょ,①坐ること。居住すること。「独ー・無二にして遠離の臥具に安処す」,,āsana,,
,,,②ある場所や状態に置くこと、住まわせること。「有情を善処に安処す」「浄妙境に心を安処す」,,ni-viś:niveśana:saṃniveśanā:saṃni-yuj:saṃniyojana,（参考） （『瑜伽』 82、大正 30・755a以下）,
,安詳,ぁんしょう,安定し、重みがあり、平静なこと。「言語は安詳なり」,,dhīra,,
,安静,ぁんじょう,静かで安定していること。「心は安静なり」,,sthira,,
,安繕那,ぁんぜんな,añjana の音写。。瞼を黒く塗る膏薬。「諸の受欲者は必ず安繕那などを以って先に眉眼を荘し、次に耳璫・耳輪などを以って其の耳を荘厳す」,,añjana,,
,安足,ぁんそく,①足を置くこと。止まること。「吠琉璃の如き極滑浄者に蚊虻蝿などは安足すること能わず」,,,,
,,,②ある状態に住しているありよう。ある状態を支えている根拠。「世第一法の加行は広大なるが故に安足は堅牢なり」,,ākaraṇa,,
,安足処,ぁんそくしょ,①あるものが生じるよりどころ、根拠、原因。安足処所・依処・所依処・因縁依処ともいう。「無漏律儀は世俗戒を以って加行と為し、門と為し、依と為し、安足処と為す」「欲界の煩悩は諸の悪行の安足処となる」,,pada-sthāna,（出典）安足処者、是所依義。（『雑集論』 11、大正 31・744b),
,,,②足跡。「衆鳥、虚空を翱翔すれども虚空中に安足処なし」,,,,
,安息,ぁんそく,①安らかに休んだ状態。「異生は如如に定に入れば、則ち是の如く身心が安息す」,,,,
,,,②愛欲などの煩悩を滅した安らかな状態。「此の無間道に於て未だ修せず未だ安ぜずとは、未だ修習せず及び未だ安息ならざるを謂う」,,,,
,安怛婆参,ぁんたんばさん,教団において所持が許される三つの衣（大衣・中衣・下衣）のなかの下衣の別名である antarvāsaの音写。直接、身に着ける衣で、内衣ともいう。五条の布切れを縫い合わせて作られるから五条衣ともいう。,三衣,antarvāsa,,
,安置,ぁんち,①衆生を善いところに導き入れること。「衆生を抜済して善処に安置す」「不善処より出で善処に安置せしむ」,,ni-viś:pratiṣṭhāpana:saṃniyojana:sthāpana,,
,,,②心をある状態に置くこと。「心を無相界に安置す」「心を内境に安置す」,,saṃniyojana:sthā,,
,,,③物を置く、入れる、保存すること。「穀麦などの種子を乾器に安置す」,,pratyupa-sthā,,
,,,④ （散説された仏説を集めて）整理・配置すること。「十二分教を次第に結集し、安置し、制立す」「仏世尊が処処に散説せる阿毘達磨を結集し、安置す」,,vyavasthāna:sthāpita,,
,安適,ぁんてき,安らかで快適であること。安隠におなじ。「軽安とは所依止を転じて安適ならしむるを業となす」「喜楽は心を安適ならしむ」「戒は能く身心を安適ならしむ」,,,,
,安等覚支,ぁんとうかくし,,七覚支,,,
,安忍,ぁんにん,耐え忍ぶこと。「艱難事に於て自ら安忍する」,,kṣama:kṣānti:dhṛtimat,,
,安忍波羅蜜多,ぁんにんはらみた,忍辱波羅蜜多とおなじ。→忍辱波羅蜜多「安忍波羅蜜多に由るが故に他が損害する時に深く能く忍受す」,,kṣānti-pāramitā,,
19,安隠,ぁんのん,①身心に苦しみがなく、安らかで穏やかである状態。「身心の安隠」,,ārṣabha:sparśa,,
,,,②恐怖や害がなく、安らかである状態。「安隠にして豊楽なり」,,kṣema,,
,,,③苦を滅した涅槃のありよう。煩悩を滅して心が安らいだ状態。「無上にして安隠なる涅槃を証得す」「無上菩提安隠涅槃を証す」,,yoga-kśema,,
,,,④軽安におなじ,軽安,,,
,安隠依持,ぁんのんえじ,生きもの（有情）が刀や杖などで害されることなく安らかに生きるという支え。六種の依持（建立依持・蔵覆依持・豊稔依持・安隠依持・日月依持・食依持）の一つ。,,kśema-ādhāra,（出典）安隠依持、為諸有情、離刀使等所害故起、是名依持。（『瑜伽』 2、大正 30・288b),
,安隠吉祥,ぁんのんきっしょう,身心が健康で仕事が順調であること。「安隠吉祥を問う」,,kśema-svastyayana,,
,安隠住,ぁんのんじゅぅ,①適当な食事をとることによって身体が重くならず、自由に爽快に活動できること。,,sparśa-vihāra,（出典）若受食已、身無沈重、有所堪能堪任。（中略）如是、名為安隠而住。（『瑜伽』 23、大正 30・410c),
,,,②煩悩や苦を断じて安らかに生きていること。,,,（出典）安隠住者、煩悩苦断、能作証故。（『瑜伽』 70、大正 30・685c),
,安隠処,ぁんのんしょ,安らいだ場所。涅槃の喩え。「足が壊せざれば、則ち能く自在に安隠処に往くが如く、浄戒を具す者もまた、是の如く能く涅槃に至る」,,,,
,安隠尋,ぁんのんじん,安穏とはなにかと尋ねること。仏陀が成仏した後に起こした追求心・回顧心。,,,,（参考） （『婆沙』 44、大正 27・228a)
,安隠豊楽,ぁんのんほうらく,国・地方、あるいはそこに住む人びとが平和で豊かであること。安隠富楽ともいう。,,kśema-ṛddha,,（参考） （『婆沙』 103、大正 27・531c):（『婆沙』 113、大正 27・588b):（『倶舎』 12、大正29・65a)
,安布,ぁんぷ,①事物の配列、配置、組み合わせ、構成。その違いによってさまざまな名称の事物ができあがる。「次第に材木などの段を安布して、名づけて宮殿・台観・舎などと為す」「諸の器世間は是の如く安布す」,,saṃniveśa,,
,,,②物を構成する原子（極微）の配列。「眼などの諸根の極微の安布の差別とは、眼根の極微は眼星の上に在りて傍布して住す」,,saṃniviṣṭa:saṃniveśa,,
,,,③言葉の配列。その違いによってさまざまな文章の形態が作られる。「名の安布差別を頌と為す」「名身・句身・文身を以って次第に結集•安布・分別するが故に阿毘達磨と名づく」「如来正法蔵を結集するとは、是の如き種種の聖語を摂緊して、聖教を世に久住せしめんが為に、諸の美妙の名句文身を以って、其の所応の如く次第に安布し、次第に結集す」,,ranacā:racita,,
,,,④軍隊を配備すること。「阿素洛を懼れて六軍を安布す」,,,,
,安布差別,ぁんぷしゃべっ,①事物の配列、配置、組み合わせ、構成。「山事とは種種の山の安布差別なり」,,saṃniveśa,,
,,,②原子（極微）の配列の相違。その配列の相違によってさまざまな物や形が生ずる。「極微の安布差別」,,saṃniviṣṭa:saṃniveśa,,
,,,③言葉（名）の配列の相違。「名の安布差別を頌と為す」,,rocanā-viśeṣa,,
,安養,ぁんょぅ,①身体を安らかに養いまもること。導養ともいう。,,parakarṣaṇa,,
,,,②極楽の異名。詳しくは安養界・安養世界という。「一代の諸教が安養に往生することを勧めるは、何の益あるや」「安養界は西方にあり」「安養世界は唯だ報仏土となすや、化仏土に通ずるや」,,,,
,安養界,ぁんようかい,,安養②,,,
,安養世界,ぁんようせかい,,安養②,,,
,安楽,ぁんらく,①苦しみや悩みがなく、身心が安らいでいること。しあわせであることの二つの要因（利益と安楽）の一方。あるいは他者を救済する二つのありよう（利益せしめることと安楽せしめること）の一方。,利益安楽,sukha:sukhita:sukhin,,
,,,②安と楽。安とは静慮（定）を修することによって得られる身心の安らぎ。楽とは身心が安らぐことによって得られる楽。,,,（出典）安者、謂、離麁重、身心調適性。楽者、謂、由如是心調適故、便得身心無損害楽及解脱楽。（『瑜伽』 11、大正 30・329a),
20,安立,ぁんりゅぅ,①物の配列、構成。「器世間の安立」,,saṃniveśa,,
,,,②立てる、設ける、設定すること。言葉で語る、説くこと。施設・仮説とおなじ。「真実義相を安立す」「真実相に於て仮の言説を以って種種に安立す」「名字を仮立して其の色類に随って如応に安立す」,,prajñapta:vyava-sthā:vyavasthāna:vyavasthiti:saṃketa,（出典）言施設者、安立異名、即仮説義。（『述記』 1本、大正 43・240b) ：有差別名言者、名安立。無差別離名言者、非安立也。安立者、施設義。（『述記』 9末、大正 43・568a),（参考） （『二十論述記』上、大正 43・980a)
,,,③置くこと。導き入れること。「彼の有情をして不善処を出でて善処に安立せしめんが為に正理を宣説す」「吉・非吉の事を取捨せしむことを安立す」「能く有情の為に無利を遮止して有利を安立す」,,pratiṣṭhāpana:pratiṣṭhita:prati-sthā:saṃniyojana,,
,,,④ある状態にあること。「未だ涅槃への増上意楽の安立は深固ならず」,,saṃniviṣṭa:saṃniveśa,,
,,,⑤実践する、実行する、修行すること。「諸の瑜伽師は、初修業者の瑜伽作意を安立する事を欲す」「独り空閑に処して、自ら諦（あきら）かに思惟し籌量し観察して瑜伽を安立す」,,ni-yuj:vini-yuj:vyava-sthā,,
,,,⑥言葉が行き交い通用する世俗。「菩薩は無量の安立の理趣・妙智に随順して転ず」,,vyavasthāna,,
,,,⑦植えること。「安立とは諸行が本識の中に業の薫習を植えるを謂う」,,ropaṇa,,
,安立真実,ぁんりゅうしんじつ,言葉で語られた真理。苦・集・滅・道の四聖諦をいう。非安立真実の対。,非安立真実,,（出典）云何安立真実。謂、四聖諦。（『瑜伽』64、大正 30・653c),
,安立真如,ぁんりゅうしんにょ,①言葉で語られた真如。非安立真如の対。→非安立真如「通達位の後に作意して安立真如を思惟す」,,,,
,,,②七真如の一つ。,七真如,,,
,安立足処,ぁんりゅうそくしょ,あるものが生じる、あるいは、存在する原因・根拠・場所。「貪・恚．癡の安立足処」,,,,
,安立諦,ぁんりゅうたい,言葉で語られた真理。苦・集・滅・道の四聖諦。非安立諦の対。,非安立諦,,（出典）安立諦者、謂、四聖諦。（『瑜伽』 72、大正 30・697c),
,按摩,ぁんま,疲れをとるために身体をもむこと。「労苦を対治せんがために按摩を求む」,,udvartna:parimardana:prapīḍana,,
,菴羅,ぁんら,āmra の音写。マンゴーの実。形が木瓜に似た果物の名。,,āmra,（出典）菴羅、是菓名、形似木瓜。（『倶舎論記』 5、大正 41・94a),
,菴羅樹,ぁんらじゅ,マンゴーの樹。,菴羅,āmra-vṛkṣa,,
,暗,ぁん,①眼の対象の一つ。闇ともいう。,色境,andhakāra,,
,,,②くらやみ。夜暗（夜のくらやみ）と雲暗（雲におおわれた昼のくらやみ）と障暗（洞窟や家宅のなかのくらやみ）の三種がある。,,andhakāra,,（参考） （『瑜伽』 11、大正 30・330b)
,暗相,ぁんそぅ,暗いありよう、すがた。「光明相は暗相を対治す」,,andhakāra-nimitta,,
,暗鈍,ぁんどん,暗いこと。鈍く愚かなこと。智慧がないこと。「性として暗鈍なるが故に、能く速く聖諦現観を証せず」,,,,
,暗昧,ぁんまい,暗くてはっきりと認識できないこと。「過去の業は暗昧なり」,,,,
,諳悉,ぁんしっ,ことごとく覚えて知ること。熟知すること。「若し彼の境界に於て巳に極めて串習し、已に極めて諸悉すれば、心は即ち彼に於て多く作意して生ず」,,paricita,,
,闇,ぁん,①くらやみ。無明の喩えに用いられる。「無明の闇を破す」,,andhakāra:tamas,,
,,,②眼の対象の一つ。暗ともいう。,色境,andhakāra,,
,,,③サーンキヤ学派が説く根本物質の三つの構成要素（薩埵・剌闇．答摩）の答摩のこと。答摩の原語 tamasを意訳して闇という。,,tamas,,
,闇障,ぁんしょぅ,①くらやみという障害。「灯などの照らすことがなければ、闇障ありて現見することを得ず」,,,,
20,,,②眼に障害があって見えないこと。「仏は神力を以って彼の闇障を除き、憶をして過去の世事を憶念せしめ、彼れ便ち自ら見る」,,,,
21,闇説,ぁんせっ,黒説ともいう。外道の誤った学説。大説の対。→黒説 →大説「諸の菩薩は如実に闇説と大説とを了知す」,,kāla-apadeśa,,
,闇相,ぁんそう,①くらいありよう、すがた。「夢は闇相に於て作意し思惟するに由る」,,andhakāra-nimitta,,
,,,②夜のくらやみ。「闇相が若し現ずれば、乃ち昼が去って夜分が方に来たりと知る」,,rātri-nimitta,,
,闇鈍,ぁんどん,愚かなこと。鈍いこと。智慧がないこと。,,dhandha:manda,（出典）闇鈍者、即無智。（『婆沙』 172、大正27・866c),
,闇鈍障,ぁんどんしょぅ,聞いた教え、修した教えを忘れしめる障害。所知障（知るべき真如を知ることをさまたげる障害）のなかで倶生（先天的にそなわっている）の障害の一部をいう。十重障の一つ。この障を十地の第三地で断じて勝流真如を証する。,十重障,,（出典）闇鈍障、謂、所知障中倶生一分、令所聞思修法忘失。彼障三地勝定総持及彼所発殊勝三慧、入三地時、便能永断。（『成論』 9、大正 31・52c‑53a),
,闇法無明,ぁんぼうむみょぅ,三種の無明（闇法無明・昧法無明・翳法無明）の一つ。欲界にある無明。,,,（参考） （『瑜伽』 60、大正 30・637c）,
,闇昧,ぁんまい,暗いこと。はっきりしないこと。心が暗いこと。「鈍慧の士夫・補特伽羅の諸の如実ならざる簡択．覆障・纏裹・闇昧などの心所の性を独行無明と名づく」,,,,
,闇盲,ぁんもう,盲目であること。「応に闇盲の諸の外執の悪見の所為を捨てて、慧眼を求むべし」,,andha,,
,闇劣,ぁんれつ,心が暗くはっきりしないこと。睡眠状態の心。「睡眠の位では、身は自在ならず、心は極めて闇劣なり」,,,,
,黯黒,ぁんこく,皮膚の上の黒い斑点。「黒黶間身とは黯黒が出現して其の容色を損するを謂う」,,kāla-piṇḍa,,
